start_date,end_date,updated_date_x,forecast_value,production_type,updated_date_y,actual_value
2025-07-04T00:00:00+02:00,2025-07-04T01:00:00+02:00,2025-07-03T16:36:00+02:00,0.0,SOLAR,2025-07-05T00:11:18+02:00,0
2025-07-04T00:00:00+02:00,2025-07-04T01:00:00+02:00,2025-07-03T19:46:00+02:00,0.0,SOLAR,2025-07-05T00:11:18+02:00,0
2025-07-04T00:00:00+02:00,2025-07-04T01:00:00+02:00,2025-07-03T19:41:00+02:00,0.0,SOLAR,2025-07-05T00:11:18+02:00,0
2025-07-04T01:00:00+02:00,2025-07-04T02:00:00+02:00,2025-07-03T16:36:00+02:00,0.0,SOLAR,2025-07-05T00:11:18+02:00,0
2025-07-04T01:00:00+02:00,2025-07-04T02:00:00+02:00,2025-07-03T19:46:00+02:00,0.0,SOLAR,2025-07-05T00:11:18+02:00,0
2025-07-04T01:00:00+02:00,2025-07-04T02:00:00+02:00,2025-07-03T19:41:00+02:00,0.0,SOLAR,2025-07-05T00:11:18+02:00,0
2025-07-04T02:00:00+02:00,2025-07-04T03:00:00+02:00,2025-07-03T16:36:00+02:00,0.0,SOLAR,2025-07-06T00:11:22+02:00,0
2025-07-04T02:00:00+02:00,2025-07-04T03:00:00+02:00,2025-07-03T19:46:00+02:00,0.0,SOLAR,2025-07-06T00:11:22+02:00,0
2025-07-04T02:00:00+02:00,2025-07-04T03:00:00+02:00,2025-07-03T19:41:00+02:00,0.0,SOLAR,2025-07-06T00:11:22+02:00,0
2025-07-04T03:00:00+02:00,2025-07-04T04:00:00+02:00,2025-07-03T16:36:00+02:00,0.0,SOLAR,2025-07-06T00:11:22+02:00,0
2025-07-04T03:00:00+02:00,2025-07-04T04:00:00+02:00,2025-07-03T19:46:00+02:00,0.0,SOLAR,2025-07-06T00:11:22+02:00,0
2025-07-04T03:00:00+02:00,2025-07-04T04:00:00+02:00,2025-07-03T19:41:00+02:00,0.0,SOLAR,2025-07-06T00:11:22+02:00,0
2025-07-04T04:00:00+02:00,2025-07-04T05:00:00+02:00,2025-07-03T16:36:00+02:00,0.0,SOLAR,2025-07-06T00:11:22+02:00,0
2025-07-04T04:00:00+02:00,2025-07-04T05:00:00+02:00,2025-07-03T19:46:00+02:00,0.0,SOLAR,2025-07-06T00:11:22+02:00,0
2025-07-04T04:00:00+02:00,2025-07-04T05:00:00+02:00,2025-07-03T19:41:00+02:00,0.0,SOLAR,2025-07-06T00:11:22+02:00,0
2025-07-04T05:00:00+02:00,2025-07-04T06:00:00+02:00,2025-07-03T16:36:00+02:00,0.0,SOLAR,2025-07-06T00:11:22+02:00,276
2025-07-04T05:00:00+02:00,2025-07-04T06:00:00+02:00,2025-07-03T19:46:00+02:00,0.0,SOLAR,2025-07-06T00:11:22+02:00,276
2025-07-04T05:00:00+02:00,2025-07-04T06:00:00+02:00,2025-07-03T19:41:00+02:00,0.0,SOLAR,2025-07-06T00:11:22+02:00,276
2025-07-04T06:00:00+02:00,2025-07-04T07:00:00+02:00,2025-07-03T16:36:00+02:00,13.04,SOLAR,2025-07-06T00:11:22+02:00,650
2025-07-04T06:00:00+02:00,2025-07-04T07:00:00+02:00,2025-07-03T19:46:00+02:00,13.29,SOLAR,2025-07-06T00:11:22+02:00,650
2025-07-04T06:00:00+02:00,2025-07-04T07:00:00+02:00,2025-07-03T19:41:00+02:00,13.29,SOLAR,2025-07-06T00:11:22+02:00,650
2025-07-04T07:00:00+02:00,2025-07-04T08:00:00+02:00,2025-07-03T16:36:00+02:00,795.1,SOLAR,2025-07-06T00:11:22+02:00,2151
2025-07-04T07:00:00+02:00,2025-07-04T08:00:00+02:00,2025-07-04T06:30:00+02:00,762.67,SOLAR,2025-07-06T00:11:22+02:00,2151
2025-07-04T07:00:00+02:00,2025-07-04T08:00:00+02:00,2025-07-04T06:45:00+02:00,762.67,SOLAR,2025-07-06T00:11:22+02:00,2151
2025-07-04T08:00:00+02:00,2025-07-04T09:00:00+02:00,2025-07-03T16:36:00+02:00,2970.97,SOLAR,2025-07-06T00:11:22+02:00,5378
2025-07-04T08:00:00+02:00,2025-07-04T09:00:00+02:00,2025-07-04T06:30:00+02:00,2897.35,SOLAR,2025-07-06T00:11:22+02:00,5378
2025-07-04T08:00:00+02:00,2025-07-04T09:00:00+02:00,2025-07-04T06:45:00+02:00,2897.35,SOLAR,2025-07-06T00:11:22+02:00,5378
2025-07-04T09:00:00+02:00,2025-07-04T10:00:00+02:00,2025-07-03T16:36:00+02:00,6698.35,SOLAR,2025-07-06T00:11:22+02:00,9558
2025-07-04T09:00:00+02:00,2025-07-04T10:00:00+02:00,2025-07-04T06:30:00+02:00,6531.3,SOLAR,2025-07-06T00:11:22+02:00,9558
2025-07-04T09:00:00+02:00,2025-07-04T10:00:00+02:00,2025-07-04T06:45:00+02:00,6531.3,SOLAR,2025-07-06T00:11:22+02:00,9558
2025-07-04T10:00:00+02:00,2025-07-04T11:00:00+02:00,2025-07-03T16:36:00+02:00,11004.24,SOLAR,2025-07-06T00:11:22+02:00,13633
2025-07-04T10:00:00+02:00,2025-07-04T11:00:00+02:00,2025-07-04T06:30:00+02:00,10818.41,SOLAR,2025-07-06T00:11:22+02:00,13633
2025-07-04T10:00:00+02:00,2025-07-04T11:00:00+02:00,2025-07-04T09:30:00+02:00,10439.71,SOLAR,2025-07-06T00:11:22+02:00,13633
2025-07-04T11:00:00+02:00,2025-07-04T12:00:00+02:00,2025-07-03T16:36:00+02:00,14649.49,SOLAR,2025-07-06T00:11:22+02:00,16361
2025-07-04T11:00:00+02:00,2025-07-04T12:00:00+02:00,2025-07-04T06:30:00+02:00,14443.9,SOLAR,2025-07-06T00:11:22+02:00,16361
2025-07-04T11:00:00+02:00,2025-07-04T12:00:00+02:00,2025-07-04T09:30:00+02:00,13959.73,SOLAR,2025-07-06T00:11:22+02:00,16361
2025-07-04T12:00:00+02:00,2025-07-04T13:00:00+02:00,2025-07-03T16:36:00+02:00,17161.21,SOLAR,2025-07-06T00:11:22+02:00,17935
2025-07-04T12:00:00+02:00,2025-07-04T13:00:00+02:00,2025-07-04T06:30:00+02:00,17082.65,SOLAR,2025-07-06T00:11:22+02:00,17935
2025-07-04T12:00:00+02:00,2025-07-04T13:00:00+02:00,2025-07-04T09:30:00+02:00,16495.03,SOLAR,2025-07-06T00:11:22+02:00,17935
2025-07-04T13:00:00+02:00,2025-07-04T14:00:00+02:00,2025-07-03T16:36:00+02:00,18548.37,SOLAR,2025-07-06T00:11:22+02:00,18567
2025-07-04T13:00:00+02:00,2025-07-04T14:00:00+02:00,2025-07-04T06:30:00+02:00,18517.56,SOLAR,2025-07-06T00:11:22+02:00,18567
2025-07-04T13:00:00+02:00,2025-07-04T14:00:00+02:00,2025-07-04T09:30:00+02:00,17973.49,SOLAR,2025-07-06T00:11:22+02:00,18567
2025-07-04T14:00:00+02:00,2025-07-04T15:00:00+02:00,2025-07-03T16:36:00+02:00,18970.73,SOLAR,2025-07-06T00:11:22+02:00,18401
2025-07-04T14:00:00+02:00,2025-07-04T15:00:00+02:00,2025-07-04T06:30:00+02:00,18808.76,SOLAR,2025-07-06T00:11:22+02:00,18401
2025-07-04T14:00:00+02:00,2025-07-04T15:00:00+02:00,2025-07-04T09:30:00+02:00,18485.85,SOLAR,2025-07-06T00:11:22+02:00,18401
2025-07-04T15:00:00+02:00,2025-07-04T16:00:00+02:00,2025-07-03T16:36:00+02:00,18494.54,SOLAR,2025-07-06T00:11:22+02:00,17362
2025-07-04T15:00:00+02:00,2025-07-04T16:00:00+02:00,2025-07-04T06:30:00+02:00,18428.16,SOLAR,2025-07-06T00:11:22+02:00,17362
2025-07-04T15:00:00+02:00,2025-07-04T16:00:00+02:00,2025-07-04T09:30:00+02:00,18159.5,SOLAR,2025-07-06T00:11:22+02:00,17362
2025-07-04T16:00:00+02:00,2025-07-04T17:00:00+02:00,2025-07-03T16:36:00+02:00,17196.05,SOLAR,2025-07-06T00:11:22+02:00,15350
2025-07-04T16:00:00+02:00,2025-07-04T17:00:00+02:00,2025-07-04T06:30:00+02:00,17064.41,SOLAR,2025-07-06T00:11:22+02:00,15350
2025-07-04T16:00:00+02:00,2025-07-04T17:00:00+02:00,2025-07-04T09:30:00+02:00,16924.74,SOLAR,2025-07-06T00:11:22+02:00,15350
2025-07-04T17:00:00+02:00,2025-07-04T18:00:00+02:00,2025-07-03T16:36:00+02:00,14869.76,SOLAR,2025-07-06T00:11:22+02:00,12330
2025-07-04T17:00:00+02:00,2025-07-04T18:00:00+02:00,2025-07-04T06:30:00+02:00,14732.45,SOLAR,2025-07-06T00:11:22+02:00,12330
2025-07-04T17:00:00+02:00,2025-07-04T18:00:00+02:00,2025-07-04T09:30:00+02:00,14624.11,SOLAR,2025-07-06T00:11:22+02:00,12330
2025-07-04T18:00:00+02:00,2025-07-04T19:00:00+02:00,2025-07-03T16:36:00+02:00,11685.98,SOLAR,2025-07-06T00:11:22+02:00,8649
2025-07-04T18:00:00+02:00,2025-07-04T19:00:00+02:00,2025-07-04T06:30:00+02:00,11594.11,SOLAR,2025-07-06T00:11:22+02:00,8649
2025-07-04T18:00:00+02:00,2025-07-04T19:00:00+02:00,2025-07-04T09:30:00+02:00,11464.51,SOLAR,2025-07-06T00:11:22+02:00,8649
2025-07-04T19:00:00+02:00,2025-07-04T20:00:00+02:00,2025-07-03T16:36:00+02:00,7786.99,SOLAR,2025-07-06T00:11:22+02:00,4743
2025-07-04T19:00:00+02:00,2025-07-04T20:00:00+02:00,2025-07-04T06:30:00+02:00,7755.27,SOLAR,2025-07-06T00:11:22+02:00,4743
2025-07-04T19:00:00+02:00,2025-07-04T20:00:00+02:00,2025-07-04T09:30:00+02:00,7592.7,SOLAR,2025-07-06T00:11:22+02:00,4743
2025-07-04T20:00:00+02:00,2025-07-04T21:00:00+02:00,2025-07-03T16:36:00+02:00,4016.83,SOLAR,2025-07-06T00:11:22+02:00,1853
2025-07-04T20:00:00+02:00,2025-07-04T21:00:00+02:00,2025-07-04T06:30:00+02:00,4024.99,SOLAR,2025-07-06T00:11:22+02:00,1853
2025-07-04T20:00:00+02:00,2025-07-04T21:00:00+02:00,2025-07-04T09:30:00+02:00,3904.25,SOLAR,2025-07-06T00:11:22+02:00,1853
2025-07-04T21:00:00+02:00,2025-07-04T22:00:00+02:00,2025-07-03T16:36:00+02:00,1376.82,SOLAR,2025-07-06T00:11:22+02:00,667
2025-07-04T21:00:00+02:00,2025-07-04T22:00:00+02:00,2025-07-04T06:30:00+02:00,1378.94,SOLAR,2025-07-06T00:11:22+02:00,667
2025-07-04T21:00:00+02:00,2025-07-04T22:00:00+02:00,2025-07-04T09:30:00+02:00,1348.4,SOLAR,2025-07-06T00:11:22+02:00,667
2025-07-04T22:00:00+02:00,2025-07-04T23:00:00+02:00,2025-07-03T16:36:00+02:00,219.76,SOLAR,2025-07-06T00:11:22+02:00,441
2025-07-04T22:00:00+02:00,2025-07-04T23:00:00+02:00,2025-07-04T06:30:00+02:00,219.13,SOLAR,2025-07-06T00:11:22+02:00,441
2025-07-04T22:00:00+02:00,2025-07-04T23:00:00+02:00,2025-07-04T09:30:00+02:00,218.92,SOLAR,2025-07-06T00:11:22+02:00,441
2025-07-04T23:00:00+02:00,2025-07-05T00:00:00+02:00,2025-07-03T16:36:00+02:00,0.02,SOLAR,2025-07-06T00:11:22+02:00,0
2025-07-04T23:00:00+02:00,2025-07-05T00:00:00+02:00,2025-07-04T06:30:00+02:00,0.02,SOLAR,2025-07-06T00:11:22+02:00,0
2025-07-04T23:00:00+02:00,2025-07-05T00:00:00+02:00,2025-07-04T09:30:00+02:00,0.02,SOLAR,2025-07-06T00:11:22+02:00,0
2025-07-04T00:00:00+02:00,2025-07-04T01:00:00+02:00,2025-07-03T16:46:00+02:00,418.5,WIND_OFFSHORE,2025-07-05T00:11:18+02:00,456
2025-07-04T00:00:00+02:00,2025-07-04T01:00:00+02:00,2025-07-03T18:07:00+02:00,418.5,WIND_OFFSHORE,2025-07-05T00:11:18+02:00,456
2025-07-04T00:00:00+02:00,2025-07-04T01:00:00+02:00,2025-07-03T18:01:00+02:00,418.5,WIND_OFFSHORE,2025-07-05T00:11:18+02:00,456
2025-07-04T01:00:00+02:00,2025-07-04T02:00:00+02:00,2025-07-03T16:46:00+02:00,393.0,WIND_OFFSHORE,2025-07-05T00:11:18+02:00,429
2025-07-04T01:00:00+02:00,2025-07-04T02:00:00+02:00,2025-07-03T18:07:00+02:00,393.0,WIND_OFFSHORE,2025-07-05T00:11:18+02:00,429
2025-07-04T01:00:00+02:00,2025-07-04T02:00:00+02:00,2025-07-03T18:01:00+02:00,393.0,WIND_OFFSHORE,2025-07-05T00:11:18+02:00,429
2025-07-04T02:00:00+02:00,2025-07-04T03:00:00+02:00,2025-07-03T16:46:00+02:00,374.5,WIND_OFFSHORE,2025-07-06T00:11:22+02:00,419
2025-07-04T02:00:00+02:00,2025-07-04T03:00:00+02:00,2025-07-03T18:07:00+02:00,374.5,WIND_OFFSHORE,2025-07-06T00:11:22+02:00,419
2025-07-04T02:00:00+02:00,2025-07-04T03:00:00+02:00,2025-07-03T18:01:00+02:00,374.5,WIND_OFFSHORE,2025-07-06T00:11:22+02:00,419
2025-07-04T03:00:00+02:00,2025-07-04T04:00:00+02:00,2025-07-03T16:46:00+02:00,356.0,WIND_OFFSHORE,2025-07-06T00:11:22+02:00,359
2025-07-04T03:00:00+02:00,2025-07-04T04:00:00+02:00,2025-07-03T18:07:00+02:00,356.0,WIND_OFFSHORE,2025-07-06T00:11:22+02:00,359
2025-07-04T03:00:00+02:00,2025-07-04T04:00:00+02:00,2025-07-03T18:01:00+02:00,356.0,WIND_OFFSHORE,2025-07-06T00:11:22+02:00,359
2025-07-04T04:00:00+02:00,2025-07-04T05:00:00+02:00,2025-07-03T16:46:00+02:00,331.25,WIND_OFFSHORE,2025-07-06T00:11:22+02:00,357
2025-07-04T04:00:00+02:00,2025-07-04T05:00:00+02:00,2025-07-03T18:07:00+02:00,331.25,WIND_OFFSHORE,2025-07-06T00:11:22+02:00,357
2025-07-04T04:00:00+02:00,2025-07-04T05:00:00+02:00,2025-07-03T18:01:00+02:00,331.25,WIND_OFFSHORE,2025-07-06T00:11:22+02:00,357
2025-07-04T05:00:00+02:00,2025-07-04T06:00:00+02:00,2025-07-03T16:46:00+02:00,311.0,WIND_OFFSHORE,2025-07-06T00:11:22+02:00,370
2025-07-04T05:00:00+02:00,2025-07-04T06:00:00+02:00,2025-07-03T18:07:00+02:00,311.0,WIND_OFFSHORE,2025-07-06T00:11:22+02:00,370
2025-07-04T05:00:00+02:00,2025-07-04T06:00:00+02:00,2025-07-03T18:01:00+02:00,311.0,WIND_OFFSHORE,2025-07-06T00:11:22+02:00,370
2025-07-04T06:00:00+02:00,2025-07-04T07:00:00+02:00,2025-07-03T16:46:00+02:00,293.5,WIND_OFFSHORE,2025-07-06T00:11:22+02:00,329
2025-07-04T06:00:00+02:00,2025-07-04T07:00:00+02:00,2025-07-03T18:07:00+02:00,293.5,WIND_OFFSHORE,2025-07-06T00:11:22+02:00,329
2025-07-04T06:00:00+02:00,2025-07-04T07:00:00+02:00,2025-07-03T18:01:00+02:00,293.5,WIND_OFFSHORE,2025-07-06T00:11:22+02:00,329
2025-07-04T07:00:00+02:00,2025-07-04T08:00:00+02:00,2025-07-03T16:46:00+02:00,258.5,WIND_OFFSHORE,2025-07-06T00:11:22+02:00,265
2025-07-04T07:00:00+02:00,2025-07-04T08:00:00+02:00,2025-07-03T18:07:00+02:00,258.5,WIND_OFFSHORE,2025-07-06T00:11:22+02:00,265
2025-07-04T07:00:00+02:00,2025-07-04T08:00:00+02:00,2025-07-03T18:01:00+02:00,258.5,WIND_OFFSHORE,2025-07-06T00:11:22+02:00,265
2025-07-04T08:00:00+02:00,2025-07-04T09:00:00+02:00,2025-07-03T16:46:00+02:00,195.25,WIND_OFFSHORE,2025-07-06T00:11:22+02:00,178
2025-07-04T08:00:00+02:00,2025-07-04T09:00:00+02:00,2025-07-04T08:06:00+02:00,232.0,WIND_OFFSHORE,2025-07-06T00:11:22+02:00,178
2025-07-04T08:00:00+02:00,2025-07-04T09:00:00+02:00,2025-07-04T08:05:00+02:00,232.0,WIND_OFFSHORE,2025-07-06T00:11:22+02:00,178
2025-07-04T09:00:00+02:00,2025-07-04T10:00:00+02:00,2025-07-03T16:46:00+02:00,139.25,WIND_OFFSHORE,2025-07-06T00:11:22+02:00,110
2025-07-04T09:00:00+02:00,2025-07-04T10:00:00+02:00,2025-07-04T08:06:00+02:00,141.5,WIND_OFFSHORE,2025-07-06T00:11:22+02:00,110
2025-07-04T09:00:00+02:00,2025-07-04T10:00:00+02:00,2025-07-04T08:05:00+02:00,141.5,WIND_OFFSHORE,2025-07-06T00:11:22+02:00,110
2025-07-04T10:00:00+02:00,2025-07-04T11:00:00+02:00,2025-07-03T16:46:00+02:00,92.5,WIND_OFFSHORE,2025-07-06T00:11:22+02:00,93
2025-07-04T10:00:00+02:00,2025-07-04T11:00:00+02:00,2025-07-04T08:06:00+02:00,90.0,WIND_OFFSHORE,2025-07-06T00:11:22+02:00,93
2025-07-04T10:00:00+02:00,2025-07-04T11:00:00+02:00,2025-07-04T08:05:00+02:00,90.0,WIND_OFFSHORE,2025-07-06T00:11:22+02:00,93
2025-07-04T11:00:00+02:00,2025-07-04T12:00:00+02:00,2025-07-03T16:46:00+02:00,61.75,WIND_OFFSHORE,2025-07-06T00:11:22+02:00,67
2025-07-04T11:00:00+02:00,2025-07-04T12:00:00+02:00,2025-07-04T08:06:00+02:00,58.0,WIND_OFFSHORE,2025-07-06T00:11:22+02:00,67
2025-07-04T11:00:00+02:00,2025-07-04T12:00:00+02:00,2025-07-04T08:05:00+02:00,58.0,WIND_OFFSHORE,2025-07-06T00:11:22+02:00,67
2025-07-04T12:00:00+02:00,2025-07-04T13:00:00+02:00,2025-07-03T16:46:00+02:00,41.75,WIND_OFFSHORE,2025-07-06T00:11:22+02:00,44
2025-07-04T12:00:00+02:00,2025-07-04T13:00:00+02:00,2025-07-04T08:06:00+02:00,35.25,WIND_OFFSHORE,2025-07-06T00:11:22+02:00,44
2025-07-04T12:00:00+02:00,2025-07-04T13:00:00+02:00,2025-07-04T08:05:00+02:00,35.25,WIND_OFFSHORE,2025-07-06T00:11:22+02:00,44
2025-07-04T13:00:00+02:00,2025-07-04T14:00:00+02:00,2025-07-03T16:46:00+02:00,30.5,WIND_OFFSHORE,2025-07-06T00:11:22+02:00,39
2025-07-04T13:00:00+02:00,2025-07-04T14:00:00+02:00,2025-07-04T08:06:00+02:00,27.0,WIND_OFFSHORE,2025-07-06T00:11:22+02:00,39
2025-07-04T13:00:00+02:00,2025-07-04T14:00:00+02:00,2025-07-04T08:05:00+02:00,27.0,WIND_OFFSHORE,2025-07-06T00:11:22+02:00,39
2025-07-04T14:00:00+02:00,2025-07-04T15:00:00+02:00,2025-07-03T16:46:00+02:00,28.75,WIND_OFFSHORE,2025-07-06T00:11:22+02:00,47
2025-07-04T14:00:00+02:00,2025-07-04T15:00:00+02:00,2025-07-04T08:06:00+02:00,35.75,WIND_OFFSHORE,2025-07-06T00:11:22+02:00,47
2025-07-04T14:00:00+02:00,2025-07-04T15:00:00+02:00,2025-07-04T08:05:00+02:00,35.75,WIND_OFFSHORE,2025-07-06T00:11:22+02:00,47
2025-07-04T15:00:00+02:00,2025-07-04T16:00:00+02:00,2025-07-03T16:46:00+02:00,52.75,WIND_OFFSHORE,2025-07-06T00:11:22+02:00,45
2025-07-04T15:00:00+02:00,2025-07-04T16:00:00+02:00,2025-07-04T08:06:00+02:00,51.25,WIND_OFFSHORE,2025-07-06T00:11:22+02:00,45
2025-07-04T15:00:00+02:00,2025-07-04T16:00:00+02:00,2025-07-04T08:05:00+02:00,51.25,WIND_OFFSHORE,2025-07-06T00:11:22+02:00,45
2025-07-04T16:00:00+02:00,2025-07-04T17:00:00+02:00,2025-07-03T16:46:00+02:00,86.5,WIND_OFFSHORE,2025-07-06T00:11:22+02:00,86
2025-07-04T16:00:00+02:00,2025-07-04T17:00:00+02:00,2025-07-04T08:06:00+02:00,83.75,WIND_OFFSHORE,2025-07-06T00:11:22+02:00,86
2025-07-04T16:00:00+02:00,2025-07-04T17:00:00+02:00,2025-07-04T08:05:00+02:00,83.75,WIND_OFFSHORE,2025-07-06T00:11:22+02:00,86
2025-07-04T17:00:00+02:00,2025-07-04T18:00:00+02:00,2025-07-03T16:46:00+02:00,130.5,WIND_OFFSHORE,2025-07-06T00:11:22+02:00,175
2025-07-04T17:00:00+02:00,2025-07-04T18:00:00+02:00,2025-07-04T08:06:00+02:00,130.25,WIND_OFFSHORE,2025-07-06T00:11:22+02:00,175
2025-07-04T17:00:00+02:00,2025-07-04T18:00:00+02:00,2025-07-04T08:05:00+02:00,130.25,WIND_OFFSHORE,2025-07-06T00:11:22+02:00,175
2025-07-04T18:00:00+02:00,2025-07-04T19:00:00+02:00,2025-07-03T16:46:00+02:00,181.25,WIND_OFFSHORE,2025-07-06T00:11:22+02:00,264
2025-07-04T18:00:00+02:00,2025-07-04T19:00:00+02:00,2025-07-04T08:06:00+02:00,197.75,WIND_OFFSHORE,2025-07-06T00:11:22+02:00,264
2025-07-04T18:00:00+02:00,2025-07-04T19:00:00+02:00,2025-07-04T08:05:00+02:00,197.75,WIND_OFFSHORE,2025-07-06T00:11:22+02:00,264
2025-07-04T19:00:00+02:00,2025-07-04T20:00:00+02:00,2025-07-03T16:46:00+02:00,229.75,WIND_OFFSHORE,2025-07-06T00:11:22+02:00,350
2025-07-04T19:00:00+02:00,2025-07-04T20:00:00+02:00,2025-07-04T08:06:00+02:00,271.5,WIND_OFFSHORE,2025-07-06T00:11:22+02:00,350
2025-07-04T19:00:00+02:00,2025-07-04T20:00:00+02:00,2025-07-04T08:05:00+02:00,271.5,WIND_OFFSHORE,2025-07-06T00:11:22+02:00,350
2025-07-04T20:00:00+02:00,2025-07-04T21:00:00+02:00,2025-07-03T16:46:00+02:00,270.0,WIND_OFFSHORE,2025-07-06T00:11:22+02:00,466
2025-07-04T20:00:00+02:00,2025-07-04T21:00:00+02:00,2025-07-04T08:06:00+02:00,326.75,WIND_OFFSHORE,2025-07-06T00:11:22+02:00,466
2025-07-04T20:00:00+02:00,2025-07-04T21:00:00+02:00,2025-07-04T08:05:00+02:00,326.75,WIND_OFFSHORE,2025-07-06T00:11:22+02:00,466
2025-07-04T21:00:00+02:00,2025-07-04T22:00:00+02:00,2025-07-03T16:46:00+02:00,309.0,WIND_OFFSHORE,2025-07-06T00:11:22+02:00,485
2025-07-04T21:00:00+02:00,2025-07-04T22:00:00+02:00,2025-07-04T08:06:00+02:00,339.25,WIND_OFFSHORE,2025-07-06T00:11:22+02:00,485
2025-07-04T21:00:00+02:00,2025-07-04T22:00:00+02:00,2025-07-04T08:05:00+02:00,339.25,WIND_OFFSHORE,2025-07-06T00:11:22+02:00,485
2025-07-04T22:00:00+02:00,2025-07-04T23:00:00+02:00,2025-07-03T16:46:00+02:00,319.75,WIND_OFFSHORE,2025-07-06T00:11:22+02:00,466
2025-07-04T22:00:00+02:00,2025-07-04T23:00:00+02:00,2025-07-04T08:06:00+02:00,336.25,WIND_OFFSHORE,2025-07-06T00:11:22+02:00,466
2025-07-04T22:00:00+02:00,2025-07-04T23:00:00+02:00,2025-07-04T08:05:00+02:00,336.25,WIND_OFFSHORE,2025-07-06T00:11:22+02:00,466
2025-07-04T23:00:00+02:00,2025-07-05T00:00:00+02:00,2025-07-03T16:46:00+02:00,337.25,WIND_OFFSHORE,2025-07-06T00:11:22+02:00,306
2025-07-04T23:00:00+02:00,2025-07-05T00:00:00+02:00,2025-07-04T08:06:00+02:00,336.75,WIND_OFFSHORE,2025-07-06T00:11:22+02:00,306
2025-07-04T23:00:00+02:00,2025-07-05T00:00:00+02:00,2025-07-04T08:05:00+02:00,336.75,WIND_OFFSHORE,2025-07-06T00:11:22+02:00,306
2025-07-04T00:00:00+02:00,2025-07-04T01:00:00+02:00,2025-07-03T16:47:00+02:00,5537.9,WIND_ONSHORE,2025-07-05T00:11:18+02:00,5544
2025-07-04T00:00:00+02:00,2025-07-04T01:00:00+02:00,2025-07-03T19:31:00+02:00,5449.75,WIND_ONSHORE,2025-07-05T00:11:18+02:00,5544
2025-07-04T00:00:00+02:00,2025-07-04T01:00:00+02:00,2025-07-04T08:06:00+02:00,5956.4,WIND_ONSHORE,2025-07-05T00:11:18+02:00,5544
2025-07-04T01:00:00+02:00,2025-07-04T02:00:00+02:00,2025-07-03T16:47:00+02:00,5524.76,WIND_ONSHORE,2025-07-05T00:11:18+02:00,5372
2025-07-04T01:00:00+02:00,2025-07-04T02:00:00+02:00,2025-07-03T19:31:00+02:00,5452.55,WIND_ONSHORE,2025-07-05T00:11:18+02:00,5372
2025-07-04T01:00:00+02:00,2025-07-04T02:00:00+02:00,2025-07-04T08:06:00+02:00,5917.76,WIND_ONSHORE,2025-07-05T00:11:18+02:00,5372
2025-07-04T02:00:00+02:00,2025-07-04T03:00:00+02:00,2025-07-03T16:47:00+02:00,5350.63,WIND_ONSHORE,2025-07-06T00:11:22+02:00,5271
2025-07-04T02:00:00+02:00,2025-07-04T03:00:00+02:00,2025-07-03T19:31:00+02:00,5288.34,WIND_ONSHORE,2025-07-06T00:11:22+02:00,5271
2025-07-04T02:00:00+02:00,2025-07-04T03:00:00+02:00,2025-07-04T08:06:00+02:00,5725.13,WIND_ONSHORE,2025-07-06T00:11:22+02:00,5271
2025-07-04T03:00:00+02:00,2025-07-04T04:00:00+02:00,2025-07-03T16:47:00+02:00,5163.69,WIND_ONSHORE,2025-07-06T00:11:22+02:00,4857
2025-07-04T03:00:00+02:00,2025-07-04T04:00:00+02:00,2025-07-03T19:31:00+02:00,5108.42,WIND_ONSHORE,2025-07-06T00:11:22+02:00,4857
2025-07-04T03:00:00+02:00,2025-07-04T04:00:00+02:00,2025-07-04T08:06:00+02:00,5519.69,WIND_ONSHORE,2025-07-06T00:11:22+02:00,4857
2025-07-04T04:00:00+02:00,2025-07-04T05:00:00+02:00,2025-07-03T16:47:00+02:00,4851.81,WIND_ONSHORE,2025-07-06T00:11:22+02:00,4390
2025-07-04T04:00:00+02:00,2025-07-04T05:00:00+02:00,2025-07-03T19:31:00+02:00,4800.92,WIND_ONSHORE,2025-07-06T00:11:22+02:00,4390
2025-07-04T04:00:00+02:00,2025-07-04T05:00:00+02:00,2025-07-04T08:06:00+02:00,5183.06,WIND_ONSHORE,2025-07-06T00:11:22+02:00,4390
2025-07-04T05:00:00+02:00,2025-07-04T06:00:00+02:00,2025-07-03T16:47:00+02:00,4345.41,WIND_ONSHORE,2025-07-06T00:11:22+02:00,3996
2025-07-04T05:00:00+02:00,2025-07-04T06:00:00+02:00,2025-07-03T19:31:00+02:00,4298.15,WIND_ONSHORE,2025-07-06T00:11:22+02:00,3996
2025-07-04T05:00:00+02:00,2025-07-04T06:00:00+02:00,2025-07-04T08:06:00+02:00,4656.41,WIND_ONSHORE,2025-07-06T00:11:22+02:00,3996
2025-07-04T06:00:00+02:00,2025-07-04T07:00:00+02:00,2025-07-03T16:47:00+02:00,3841.77,WIND_ONSHORE,2025-07-06T00:11:22+02:00,3421
2025-07-04T06:00:00+02:00,2025-07-04T07:00:00+02:00,2025-07-03T19:31:00+02:00,3798.03,WIND_ONSHORE,2025-07-06T00:11:22+02:00,3421
2025-07-04T06:00:00+02:00,2025-07-04T07:00:00+02:00,2025-07-04T08:06:00+02:00,4135.27,WIND_ONSHORE,2025-07-06T00:11:22+02:00,3421
2025-07-04T07:00:00+02:00,2025-07-04T08:00:00+02:00,2025-07-03T16:47:00+02:00,3365.49,WIND_ONSHORE,2025-07-06T00:11:22+02:00,2863
2025-07-04T07:00:00+02:00,2025-07-04T08:00:00+02:00,2025-07-04T08:07:00+02:00,3677.08,WIND_ONSHORE,2025-07-06T00:11:22+02:00,2863
2025-07-04T07:00:00+02:00,2025-07-04T08:00:00+02:00,2025-07-04T08:06:00+02:00,3623.99,WIND_ONSHORE,2025-07-06T00:11:22+02:00,2863
2025-07-04T08:00:00+02:00,2025-07-04T09:00:00+02:00,2025-07-03T16:47:00+02:00,2922.54,WIND_ONSHORE,2025-07-06T00:11:22+02:00,1914
2025-07-04T08:00:00+02:00,2025-07-04T09:00:00+02:00,2025-07-04T08:07:00+02:00,2899.5,WIND_ONSHORE,2025-07-06T00:11:22+02:00,1914
2025-07-04T08:00:00+02:00,2025-07-04T09:00:00+02:00,2025-07-04T08:06:00+02:00,2885.79,WIND_ONSHORE,2025-07-06T00:11:22+02:00,1914
2025-07-04T09:00:00+02:00,2025-07-04T10:00:00+02:00,2025-07-03T16:47:00+02:00,2001.34,WIND_ONSHORE,2025-07-06T00:11:22+02:00,1618
2025-07-04T09:00:00+02:00,2025-07-04T10:00:00+02:00,2025-07-04T08:07:00+02:00,2023.34,WIND_ONSHORE,2025-07-06T00:11:22+02:00,1618
2025-07-04T09:00:00+02:00,2025-07-04T10:00:00+02:00,2025-07-04T08:06:00+02:00,1999.09,WIND_ONSHORE,2025-07-06T00:11:22+02:00,1618
2025-07-04T10:00:00+02:00,2025-07-04T11:00:00+02:00,2025-07-03T16:47:00+02:00,1464.67,WIND_ONSHORE,2025-07-06T00:11:22+02:00,1842
2025-07-04T10:00:00+02:00,2025-07-04T11:00:00+02:00,2025-07-04T08:07:00+02:00,1505.33,WIND_ONSHORE,2025-07-06T00:11:22+02:00,1842
2025-07-04T10:00:00+02:00,2025-07-04T11:00:00+02:00,2025-07-04T09:36:00+02:00,1346.06,WIND_ONSHORE,2025-07-06T00:11:22+02:00,1842
2025-07-04T11:00:00+02:00,2025-07-04T12:00:00+02:00,2025-07-03T16:47:00+02:00,1482.48,WIND_ONSHORE,2025-07-06T00:11:22+02:00,1851
2025-07-04T11:00:00+02:00,2025-07-04T12:00:00+02:00,2025-07-04T08:07:00+02:00,1543.0,WIND_ONSHORE,2025-07-06T00:11:22+02:00,1851
2025-07-04T11:00:00+02:00,2025-07-04T12:00:00+02:00,2025-07-04T09:36:00+02:00,1419.86,WIND_ONSHORE,2025-07-06T00:11:22+02:00,1851
2025-07-04T12:00:00+02:00,2025-07-04T13:00:00+02:00,2025-07-03T16:47:00+02:00,1508.36,WIND_ONSHORE,2025-07-06T00:11:22+02:00,1655
2025-07-04T12:00:00+02:00,2025-07-04T13:00:00+02:00,2025-07-04T08:07:00+02:00,1561.33,WIND_ONSHORE,2025-07-06T00:11:22+02:00,1655
2025-07-04T12:00:00+02:00,2025-07-04T13:00:00+02:00,2025-07-04T09:36:00+02:00,1463.26,WIND_ONSHORE,2025-07-06T00:11:22+02:00,1655
2025-07-04T13:00:00+02:00,2025-07-04T14:00:00+02:00,2025-07-03T16:47:00+02:00,1435.24,WIND_ONSHORE,2025-07-06T00:11:22+02:00,1435
2025-07-04T13:00:00+02:00,2025-07-04T14:00:00+02:00,2025-07-04T08:07:00+02:00,1452.22,WIND_ONSHORE,2025-07-06T00:11:22+02:00,1435
2025-07-04T13:00:00+02:00,2025-07-04T14:00:00+02:00,2025-07-04T09:36:00+02:00,1370.84,WIND_ONSHORE,2025-07-06T00:11:22+02:00,1435
2025-07-04T14:00:00+02:00,2025-07-04T15:00:00+02:00,2025-07-03T16:47:00+02:00,1372.77,WIND_ONSHORE,2025-07-06T00:11:22+02:00,1303
2025-07-04T14:00:00+02:00,2025-07-04T15:00:00+02:00,2025-07-04T08:07:00+02:00,1339.51,WIND_ONSHORE,2025-07-06T00:11:22+02:00,1303
2025-07-04T14:00:00+02:00,2025-07-04T15:00:00+02:00,2025-07-04T09:36:00+02:00,1280.54,WIND_ONSHORE,2025-07-06T00:11:22+02:00,1303
2025-07-04T15:00:00+02:00,2025-07-04T16:00:00+02:00,2025-07-03T16:47:00+02:00,1410.9,WIND_ONSHORE,2025-07-06T00:11:22+02:00,1260
2025-07-04T15:00:00+02:00,2025-07-04T16:00:00+02:00,2025-07-04T08:07:00+02:00,1315.44,WIND_ONSHORE,2025-07-06T00:11:22+02:00,1260
2025-07-04T15:00:00+02:00,2025-07-04T16:00:00+02:00,2025-07-04T09:36:00+02:00,1259.04,WIND_ONSHORE,2025-07-06T00:11:22+02:00,1260
2025-07-04T16:00:00+02:00,2025-07-04T17:00:00+02:00,2025-07-03T16:47:00+02:00,1475.76,WIND_ONSHORE,2025-07-06T00:11:22+02:00,1327
2025-07-04T16:00:00+02:00,2025-07-04T17:00:00+02:00,2025-07-04T08:07:00+02:00,1348.56,WIND_ONSHORE,2025-07-06T00:11:22+02:00,1327
2025-07-04T16:00:00+02:00,2025-07-04T17:00:00+02:00,2025-07-04T09:36:00+02:00,1298.34,WIND_ONSHORE,2025-07-06T00:11:22+02:00,1327
2025-07-04T17:00:00+02:00,2025-07-04T18:00:00+02:00,2025-07-03T16:47:00+02:00,1522.1,WIND_ONSHORE,2025-07-06T00:11:22+02:00,1418
2025-07-04T17:00:00+02:00,2025-07-04T18:00:00+02:00,2025-07-04T08:07:00+02:00,1447.28,WIND_ONSHORE,2025-07-06T00:11:22+02:00,1418
2025-07-04T17:00:00+02:00,2025-07-04T18:00:00+02:00,2025-07-04T09:36:00+02:00,1407.69,WIND_ONSHORE,2025-07-06T00:11:22+02:00,1418
2025-07-04T18:00:00+02:00,2025-07-04T19:00:00+02:00,2025-07-03T16:47:00+02:00,1613.22,WIND_ONSHORE,2025-07-06T00:11:22+02:00,1557
2025-07-04T18:00:00+02:00,2025-07-04T19:00:00+02:00,2025-07-04T08:07:00+02:00,1591.87,WIND_ONSHORE,2025-07-06T00:11:22+02:00,1557
2025-07-04T18:00:00+02:00,2025-07-04T19:00:00+02:00,2025-07-04T09:36:00+02:00,1576.02,WIND_ONSHORE,2025-07-06T00:11:22+02:00,1557
2025-07-04T19:00:00+02:00,2025-07-04T20:00:00+02:00,2025-07-03T16:47:00+02:00,1831.44,WIND_ONSHORE,2025-07-06T00:11:22+02:00,1761
2025-07-04T19:00:00+02:00,2025-07-04T20:00:00+02:00,2025-07-04T08:07:00+02:00,1801.3,WIND_ONSHORE,2025-07-06T00:11:22+02:00,1761
2025-07-04T19:00:00+02:00,2025-07-04T20:00:00+02:00,2025-07-04T09:36:00+02:00,1815.27,WIND_ONSHORE,2025-07-06T00:11:22+02:00,1761
2025-07-04T20:00:00+02:00,2025-07-04T21:00:00+02:00,2025-07-03T16:47:00+02:00,2037.64,WIND_ONSHORE,2025-07-06T00:11:22+02:00,1908
2025-07-04T20:00:00+02:00,2025-07-04T21:00:00+02:00,2025-07-04T08:07:00+02:00,2035.22,WIND_ONSHORE,2025-07-06T00:11:22+02:00,1908
2025-07-04T20:00:00+02:00,2025-07-04T21:00:00+02:00,2025-07-04T09:36:00+02:00,2067.12,WIND_ONSHORE,2025-07-06T00:11:22+02:00,1908
2025-07-04T21:00:00+02:00,2025-07-04T22:00:00+02:00,2025-07-03T16:47:00+02:00,2291.87,WIND_ONSHORE,2025-07-06T00:11:22+02:00,2103
2025-07-04T21:00:00+02:00,2025-07-04T22:00:00+02:00,2025-07-04T08:07:00+02:00,2273.03,WIND_ONSHORE,2025-07-06T00:11:22+02:00,2103
2025-07-04T21:00:00+02:00,2025-07-04T22:00:00+02:00,2025-07-04T09:36:00+02:00,2280.15,WIND_ONSHORE,2025-07-06T00:11:22+02:00,2103
2025-07-04T22:00:00+02:00,2025-07-04T23:00:00+02:00,2025-07-03T16:47:00+02:00,2832.21,WIND_ONSHORE,2025-07-06T00:11:22+02:00,2599
2025-07-04T22:00:00+02:00,2025-07-04T23:00:00+02:00,2025-07-04T08:07:00+02:00,2740.94,WIND_ONSHORE,2025-07-06T00:11:22+02:00,2599
2025-07-04T22:00:00+02:00,2025-07-04T23:00:00+02:00,2025-07-04T09:36:00+02:00,2735.79,WIND_ONSHORE,2025-07-06T00:11:22+02:00,2599
2025-07-04T23:00:00+02:00,2025-07-05T00:00:00+02:00,2025-07-03T16:47:00+02:00,3176.29,WIND_ONSHORE,2025-07-06T00:11:22+02:00,3053
2025-07-04T23:00:00+02:00,2025-07-05T00:00:00+02:00,2025-07-04T08:07:00+02:00,3152.75,WIND_ONSHORE,2025-07-06T00:11:22+02:00,3053
2025-07-04T23:00:00+02:00,2025-07-05T00:00:00+02:00,2025-07-04T09:36:00+02:00,3131.16,WIND_ONSHORE,2025-07-06T00:11:22+02:00,3053
